ACCIDENT_NO, ABS_CODE, ACCIDENT_STATUS, ACCIDENT_DATE, ACCIDENT_TIME, ALCOHOLTIME, ACCIDENT_TYPE, DAY_OF_WEEK, DCA_CODE, HIT_RUN_FLAG, LIGHT_CONDITION, POLICE_ATTEND, ROAD_GEOMETRY, SEVERITY, SPEED_ZONE, RUN_OFFROAD, NODE_ID, LONGITUDE, LATITUDE, NODE_TYPE, LGA_NAME, REGION_NAME, VICGRID_X, VICGRID_Y, TOTAL_PERSONS, INJ_OR_FATAL, FATALITY, SERIOUSINJURY, OTHERINJURY, NONINJURED, MALES, FEMALES, BICYCLIST, PASSENGER, DRIVER, PEDESTRIAN, PILLION, MOTORIST, UNKNOWN, PED_CYCLIST_5_12, PED_CYCLIST_13_18, OLD_PEDESTRIAN, OLD_DRIVER, YOUNG_DRIVER, ALCOHOL_RELATED, UNLICENCSED, NO_OF_VEHICLES, HEAVYVEHICLE, PASSENGERVEHICLE, MOTORCYCLE, PUBLICVEHICLE, DEG_URBAN_NAME, DEG_URBAN_ALL, LGA_NAME_ALL, REGION_NAME_ALL, SRNS, SRNS_ALL, RMA, RMA_ALL, DIVIDED, DIVIDED_ALL, STAT_DIV_NAME
"T20100000010","ABS to receive accident                   ","Finished","1/1/2010","01.55.00","Yes","Collision with a fixed object                ","Friday","RIGHT OFF CARRIAGEWAY INTO OBJECT/PARKED VEHICLE      ","No                             ","Dark No street lights","Yes                             ","Not at intersection                     ","Other injury accident                    ","60 km/hr                          ","Yes",20823,+1.46285650000000E+002,-3.81873400000000E+001,"Intersection","LATROBE","EASTERN REGION",+00002612637.90100000,+00002367469.10400000,2,1,0,0,1,1,2,0,0,1,1,0,0,0,0,0,0,0,0,1,"No",0,1,0,1,0,0,"Small Provincial Cities","Small Provincial Cities,Country","LATROBE","EASTERN REGION,EASTERN REGION",,,"Local Road","Local Road","Undivided","Undivided","Country                                 "
"T20100000019","ABS to receive accident                   ","Finished","1/1/2010","02.30.00","Yes","Struck Pedestrian                      ","Friday","PED NEAR SIDE. PED HIT BY VEHICLE FROM THE RIGHT.      ","Yes                             ","Dark Street lights on","Yes                             ","T intersection                      ","Serious injury accident                   ","50 km/hr                          ","No",230887,+1.45065610000000E+002,-3.79623200000000E+001,"Intersection","KINGSTON","METROPOLITAN SOUTH EAST REGION",+00002505765.42700000,+00002393204.37600000,2,1,0,1,0,1,1,0,0,0,1,1,0,0,0,0,0,0,0,0,"No",0,1,0,1,0,0,"Metropolitan Excluding CBD","Metropolitan Excluding CBD","KINGSTON","METROPOLITAN SOUTH EAST REGION",,,"Local Road","Local Road","Undivided","Undivided","Metro                                   "
"T20100000022","ABS to receive accident                   ","Finished","1/1/2010","01.45.00","Yes","Struck Pedestrian                      ","Friday","PED NEAR SIDE. PED HIT BY VEHICLE FROM THE RIGHT.      ","No                             ","Dark Street lights on","Yes                             ","T intersection                      ","Other injury accident                    ","Not known                          ","No",224517,+1.45297830000000E+002,-3.80718000000000E+001,"Intersection","CASEY","METROPOLITAN SOUTH EAST REGION",+00002526134.51500000,+00002381013.66700000,2,1,0,0,1,1,2,0,0,0,1,1,0,0,0,0,0,0,0,0,"No",0,1,0,1,0,0,"Metropolitan Excluding CBD","Metropolitan Excluding CBD","CASEY","METROPOLITAN SOUTH EAST REGION","C","C","Arterial Other","Arterial Other,Local Road","Undivided","Undivided","Metro                                   "
"T20100000025","ABS to receive accident                   ","Finished","1/1/2010","01.30.00","Yes","Collision with a fixed object                ","Friday","OFF LEFT BEND INTO OBJECT/PARKED VEHICLE          ","Yes                             ","Dark Street lights on","Yes                             ","T intersection                      ","Other injury accident                    ","50 km/hr                          ","Yes",234289,+1.45094860000000E+002,-3.79048900000000E+001,"Non-Intersection","MONASH","METROPOLITAN SOUTH EAST REGION",+00002508342.36600000,+00002399576.84400000,1,1,0,0,1,0,1,0,0,0,1,0,0,0,0,0,0,0,0,1,"Yes",0,1,0,1,0,0,"Metropolitan Excluding CBD","Metropolitan Excluding CBD","MONASH","METROPOLITAN SOUTH EAST REGION",,,"Local Road","Local Road","Undivided","Undivided","Metro                                   "
"T20100000028","ABS to receive accident                   ","Finished","1/1/2010","04.00.00","Yes","Struck Pedestrian                      ","Friday","PED NEAR SIDE. PED HIT BY VEHICLE FROM THE RIGHT.      ","Yes                             ","Dark No street lights","Yes                             ","Not at intersection                     ","Serious injury accident                   ","50 km/hr                          ","No",229018,+1.44820160000000E+002,-3.77775700000000E+001,"Non-Intersection","BRIMBANK","METROPOLITAN NORTH WEST REGION",+00002484157.39400000,+00002413697.46900000,2,1,0,1,0,1,0,1,0,0,1,1,0,0,0,0,0,0,0,0,"No",0,1,0,1,0,0,"Metropolitan Excluding CBD","Metropolitan Excluding CBD","BRIMBANK","METROPOLITAN NORTH WEST REGION",,,"Local Road","Local Road","Undivided","Undivided","Metro                                   "
"T20100000031","ABS to receive accident                   ","Finished","1/1/2010","05.05.00","Yes","Collision with vehicle                   ","Friday","LEFT OFF CARRIAGEWAY INTO OBJECT/PARKED VEHICLE       ","No                             ","Dark Street lights on","Yes                             ","Not at intersection                     ","Other injury accident                    ","80 km/hr                          ","Yes",229258,+1.44922140000000E+002,-3.76636000000000E+001,"Non-Intersection","HUME","METROPOLITAN NORTH WEST REGION",+00002493130.92500000,+00002426357.81100000,1,1,0,0,1,0,0,1,0,0,1,0,0,0,0,0,0,0,0,1,"No",0,2,0,2,0,0,"Metropolitan Excluding CBD","Metropolitan Excluding CBD","HUME","METROPOLITAN NORTH WEST REGION",,,"Arterial Other","Arterial Other","Undivided","Undivided","Metro                                   "
"T20100000042","ABS to receive accident                   ","Finished","1/1/2010","09.50.00","No","Collision with a fixed object                ","Friday","LEFT OFF CARRIAGEWAY INTO OBJECT/PARKED VEHICLE       ","No                             ","Day                             ","Yes                             ","T intersection                      ","Other injury accident                    ","50 km/hr                          ","Yes",42602,+1.45190800000000E+002,-3.79545400000000E+001,"Intersection","DANDENONG","METROPOLITAN SOUTH EAST REGION",+00002516768.66600000,+00002394053.52700000,1,1,0,0,1,0,1,0,0,0,1,0,0,0,0,0,0,0,1,0,"No",0,1,0,1,0,0,"Metropolitan Excluding CBD","Metropolitan Excluding CBD","DANDENONG","METROPOLITAN SOUTH EAST REGION",,,"Arterial Other","Arterial Other,Local Road","Undivided","Undivided","Metro                                   "
"T20100000045","ABS to receive accident                   ","Finished","1/1/2010","09.10.00","No","Collision with a fixed object                ","Friday","LEFT OFF CARRIAGEWAY INTO OBJECT/PARKED VEHICLE       ","No                             ","Day                             ","Yes                             ","Cross intersection                     ","Serious injury accident                   ","70 km/hr                          ","Yes",44411,+1.45016720000000E+002,-3.77039400000000E+001,"Intersection","DAREBIN","METROPOLITAN NORTH WEST REGION",+00002501474.69800000,+00002421883.57900000,1,1,0,1,0,0,1,0,0,0,1,0,0,0,0,0,0,0,0,0,"No",0,1,0,1,0,0,"Metropolitan Excluding CBD","Metropolitan Excluding CBD","DAREBIN","METROPOLITAN NORTH WEST REGION",,,"Local Road","Local Road","Undivided","Undivided","Metro                                   "
"T20100000070","ABS to receive accident                   ","Finished","1/1/2010","12.20.00","No","No collision and no object struck              ","Friday","OFF CARRIAGEWAY TO LEFT                   ","No                             ","Day                             ","Yes                             ","Not at intersection                     ","Other injury accident                    ","100 km/hr                          ","Yes",231449,+1.45960040000000E+002,-3.63449200000000E+001,"Non-Intersection","BENALLA","NORTH EASTERN REGION",+00002586173.38100000,+00002572251.11800000,3,3,0,0,3,0,3,0,0,2,1,0,0,0,0,0,0,0,0,0,"No",0,1,0,1,0,0,"Country","Country","BENALLA","NORTH EASTERN REGION","C","C","Arterial Other","Arterial Other","Undivided","Undivided","Country                                 "
"T20100000082","ABS to receive accident                   ","Finished","1/1/2010","15.15.00","No","Collision with vehicle                   ","Friday","REAR END(VEHICLES IN SAME LANE)               ","No                             ","Day                             ","Yes                             ","Cross intersection                     ","Other injury accident                    ","80 km/hr                          ","No",35431,+1.45295100000000E+002,-3.77708600000000E+001,"Intersection","MAROONDAH","METROPOLITAN SOUTH EAST REGION",+00002525998.47400000,+00002414416.74600000,4,2,0,0,2,2,2,2,0,2,2,0,0,0,0,0,0,0,0,0,"No",0,2,0,2,0,0,"Metropolitan Excluding CBD","Metropolitan Excluding CBD","MAROONDAH","METROPOLITAN SOUTH EAST REGION",,,"Arterial Highway","Arterial Highway,Local Road,Arterial Other","Undivided","Undivided","Metro                                   "
"T20100000087","ABS to receive accident                   ","Finished","1/1/2010","14.00.00","No","Collision with vehicle                   ","Friday","REAR END(VEHICLES IN SAME LANE)               ","Yes                             ","Day                             ","Yes                             ","Multiple intersection                    ","Other injury accident                    ","60 km/hr                          ","No",47382,+1.44567440000000E+002,-3.76881500000000E+001,"Intersection","MELTON","METROPOLITAN NORTH WEST REGION",+00002461850.39500000,+00002423549.63900000,8,1,0,0,1,7,2,6,0,6,2,0,0,0,0,0,0,0,0,1,"No",0,2,0,2,0,0,"Small Provincial Cities","Small Provincial Cities","MELTON","METROPOLITAN NORTH WEST REGION","M","M,C","Freeway","Freeway,Arterial Other","Undivided","Undivided","Metro                                   "
"T20100000097","ABS to receive accident                   ","Finished","1/1/2010","18.35.00","Yes","Collision with vehicle                   ","Friday","CROSS TRAFFIC(INTERSECTIONS ONLY)              ","No                             ","Day                             ","Yes                             ","Cross intersection                     ","Serious injury accident                   ","60 km/hr                          ","No",29717,+1.45221030000000E+002,-3.79836200000000E+001,"Intersection","DANDENONG","METROPOLITAN SOUTH EAST REGION",+00002519417.78100000,+00002390819.86900000,4,2,0,1,1,2,2,2,0,2,2,0,0,0,0,0,0,0,0,0,"No",0,2,0,2,0,0,"Metropolitan Excluding CBD","Metropolitan Excluding CBD","DANDENONG","METROPOLITAN SOUTH EAST REGION",,,"Arterial Highway","Arterial Highway,Local Road","Undivided","Undivided","Metro                                   "
"T20100000098","ABS to receive accident                   ","Finished","1/1/2010","16.43.00","Yes","Collision with vehicle                   ","Friday","LEFT REAR                          ","No                             ","Day                             ","Yes                             ","T intersection                      ","Other injury accident                    ","60 km/hr                          ","No",57392,+1.44996880000000E+002,-3.77372600000000E+001,"Intersection","DAREBIN","METROPOLITAN NORTH WEST REGION",+00002499724.73500000,+00002418185.49800000,3,2,0,0,2,1,1,2,0,1,2,0,0,0,0,0,0,0,0,1,"No",0,2,0,2,0,0,"Metropolitan Excluding CBD","Metropolitan Excluding CBD","DAREBIN","METROPOLITAN NORTH WEST REGION",,,"Arterial Other","Arterial Other,Local Road","Undivided","Undivided","Metro                                   "
"T20100000103","ABS to receive accident                   ","Finished","1/1/2010","20.08.00","Yes","Collision with a fixed object                ","Friday","LEFT OFF CARRIAGEWAY INTO OBJECT/PARKED VEHICLE       ","No                             ","Dark No street lights","Yes                             ","Not at intersection                     ","Other injury accident                    ","100 km/hr                          ","Yes",229024,+1.43978610000000E+002,-3.67426800000000E+001,"Non-Intersection","LODDON","NORTHERN REGION",+00002408793.26500000,+00002528063.01100000,1,1,0,0,1,0,0,1,0,0,1,0,0,0,0,0,0,0,0,1,"No",0,1,0,1,0,0,"Country","Country","LODDON","NORTHERN REGION","B","B","Arterial Highway","Arterial Highway","Undivided","Undivided","Country                                 "
"T20100000105","ABS to receive accident                   ","Finished","1/1/2010","05.25.00","Yes","Collision with a fixed object                ","Friday","LEFT OFF CARRIAGEWAY INTO OBJECT/PARKED VEHICLE       ","No                             ","Dark Street lights on","Yes                             ","Multiple intersection                    ","Serious injury accident                   ","50 km/hr                          ","Yes",49903,+1.44356510000000E+002,-3.81437800000000E+001,"Intersection","GEELONG","SOUTH WESTERN REGION",+00002443588.64400000,+00002372874.01300000,1,1,0,1,0,0,1,0,0,0,1,0,0,0,0,0,0,0,0,0,"Yes",0,1,0,1,0,0,"Large Provincial Cities","Large Provincial Cities","GEELONG","SOUTH WESTERN REGION",,,"Local Road","Local Road","Undivided","Undivided","Country                                 "
"T20100000107","ABS to receive accident                   ","Finished","1/1/2010","01.00.00","Yes","Struck Pedestrian                      ","Friday","FAR SIDE. PED HIT BY VEHICLE FROM THE LEFT         ","No                             ","Dark Street lights on","Yes                             ","Not at intersection                     ","Other injury accident                    ","60 km/hr                          ","No",229025,+1.44963760000000E+002,-3.78228300000000E+001,"Non-Intersection","MELBOURNE","METROPOLITAN NORTH WEST REGION",+00002496809.52000000,+00002408687.59300000,3,1,0,0,1,2,1,1,0,0,2,1,0,0,0,0,0,0,0,1,"No",0,2,0,2,0,0,"Metropolitan Excluding CBD","Metropolitan Excluding CBD","MELBOURNE","METROPOLITAN NORTH WEST REGION",,,"Arterial Highway","Arterial Highway","Undivided","Undivided","Metro                                   "
"T20100000132","ABS to receive accident                   ","Finished","1/1/2010","19.00.00","Yes","Collision with vehicle                   ","Friday","OTHER OPPOSING MANOEUVRES NOT INCLUDED IN DCAs 120-125.   ","No                             ","Day                             ","No                             ","Not at intersection                     ","Other injury accident                    ","50 km/hr                          ","No",229616,+1.44436140000000E+002,-3.76744500000000E+001,"Non-Intersection","MOORABOOL","WESTERN REGION",+00002450260.67700000,+00002425009.48700000,3,1,0,0,1,2,1,2,0,1,2,0,0,0,0,0,0,0,0,2,"No",0,2,0,2,0,0,"Small Provincial Cities","Small Provincial Cities","MOORABOOL","WESTERN REGION","C","C","Arterial Other","Arterial Other","Undivided","Undivided","Country                                 "
"T20100000140","ABS to receive accident                   ","Finished","2/1/2010","06.50.00","Yes","Collision with vehicle                   ","Saturday","CROSS TRAFFIC(INTERSECTIONS ONLY)              ","No                             ","Day                             ","Yes                             ","Cross intersection                     ","Other injury accident                    ","60 km/hr                          ","No",586,+1.45028340000000E+002,-3.78623700000000E+001,"Intersection","STONNINGTON","METROPOLITAN SOUTH EAST REGION",+00002502493.77900000,+00002404299.38400000,3,1,0,0,1,2,2,1,0,0,3,0,0,0,0,0,0,0,0,1,"No",0,3,0,3,0,0,"Metropolitan Excluding CBD","Metropolitan Excluding CBD","STONNINGTON","METROPOLITAN SOUTH EAST REGION",,,"Arterial Other","Arterial Other","Undivided","Undivided","Metro                                   "
"T20100000151","ABS to receive accident                   ","Finished","2/1/2010","11.40.00","No","Struck Pedestrian                      ","Saturday","PED NEAR SIDE. PED HIT BY VEHICLE FROM THE RIGHT.      ","No                             ","Day                             ","Yes                             ","Not at intersection                     ","Other injury accident                    ","40 km/hr                          ","No",229027,+1.44900620000000E+002,-3.78009900000000E+001,"Non-Intersection","MARIBYRNONG","METROPOLITAN NORTH WEST REGION",+00002491248.31300000,+00002411108.03400000,2,1,0,0,1,1,2,0,0,0,1,1,0,0,0,0,0,1,0,0,"No",0,1,0,1,0,0,"Metropolitan Excluding CBD","Metropolitan Excluding CBD","MARIBYRNONG","METROPOLITAN NORTH WEST REGION",,,"Local Road","Local Road","Undivided","Undivided","Metro                                   "
"T20100000154","ABS to receive accident                   ","Finished","2/1/2010","11.45.00","No","Collision with vehicle                   ","Saturday","RIGHT TURN SIDESWIPE                    ","No                             ","Day                             ","Yes                             ","T intersection                      ","Other injury accident                    ","60 km/hr                          ","No",41315,+1.45029270000000E+002,-3.78851900000000E+001,"Intersection","GLEN EIRA","METROPOLITAN SOUTH EAST REGION",+00002502574.51000000,+00002401767.05900000,2,1,0,0,1,1,0,2,1,0,1,0,0,0,0,0,0,0,0,0,"No",0,2,0,1,0,0,"Metropolitan Excluding CBD","Metropolitan Excluding CBD","GLEN EIRA","METROPOLITAN SOUTH EAST REGION",,,"Local Road","Local Road","Undivided","Undivided","Metro                                   "
"T20100000159","ABS to receive accident                   ","Finished","2/1/2010","13.20.00","No","Collision with vehicle                   ","Saturday","REAR END(VEHICLES IN SAME LANE)               ","No                             ","Day                             ","Yes                             ","Not at intersection                     ","Other injury accident                    ","70 km/hr                          ","No",229319,+1.44313100000000E+002,-3.82002400000000E+001,"Non-Intersection","GEELONG","SOUTH WESTERN REGION",+00002439829.08700000,+00002366579.64200000,3,1,0,0,1,2,1,2,0,0,3,0,0,0,0,0,0,0,0,1,"No",0,3,0,3,0,0,"Large Provincial Cities","Large Provincial Cities","GEELONG","SOUTH WESTERN REGION","A","A","Arterial Highway","Arterial Highway","Undivided","Undivided","Country                                 "
"T20100000162","ABS to receive accident                   ","Finished","2/1/2010","11.20.00","No","Collision with vehicle                   ","Saturday","U TURN                           ","No                             ","Day                             ","Yes                             ","Not at intersection                     ","Serious injury accident                   ","90 km/hr                          ","No",230597,+1.45342850000000E+002,-3.79629000000000E+001,"Non-Intersection","YARRA RANGES","METROPOLITAN SOUTH EAST REGION",+00002530128.52000000,+00002393088.05400000,3,1,0,1,0,2,1,2,0,1,2,0,0,0,0,0,0,0,0,1,"No",0,2,0,2,0,0,"Country","Country","YARRA RANGES","METROPOLITAN SOUTH EAST REGION","C","C","Arterial Other","Arterial Other","Undivided","Undivided","Metro                                   "
"T20100000166","ABS to receive accident                   ","Finished","2/1/2010","13.15.00","No","Collision with a fixed object                ","Saturday","RIGHT OFF CARRIAGEWAY INTO OBJECT/PARKED VEHICLE      ","No                             ","Day                             ","Yes                             ","Not at intersection                     ","Other injury accident                    ","100 km/hr                          ","Yes",229032,+1.45185720000000E+002,-3.80489100000000E+001,"Non-Intersection","DANDENONG","METROPOLITAN SOUTH EAST REGION",+00002516302.05700000,+00002383579.78100000,2,1,0,0,1,1,0,2,0,0,2,0,0,0,0,0,0,0,0,0,"No",1,2,0,2,0,0,"Metropolitan Excluding CBD","Metropolitan Excluding CBD","DANDENONG","METROPOLITAN SOUTH EAST REGION","M","M","Freeway","Freeway","Undivided","Undivided","Metro                                   "
"T20100000167","ABS to receive accident                   ","Finished","1/1/2010","21.00.00","Yes","Vehicle overturned (no collision)              ","Friday","OUT OF CONTROL ON CARRIAGEWAY (ON BEND)           ","No                             ","Dark No street lights","Yes                             ","T intersection                      ","Other injury accident                    ","50 km/hr                          ","No",230950,+1.45333340000000E+002,-3.78555500000000E+001,"Non-Intersection","KNOX","METROPOLITAN SOUTH EAST REGION",+00002529334.24000000,+00002405005.80300000,2,1,0,0,1,1,2,0,0,1,1,0,0,0,0,0,0,0,0,1,"No",0,1,0,1,0,0,"Metropolitan Excluding CBD","Metropolitan Excluding CBD","KNOX","METROPOLITAN SOUTH EAST REGION",,,"Local Road","Local Road","Undivided","Undivided","Metro                                   "
"T20100000168","ABS to receive accident                   ","Finished","2/1/2010","13.40.00","No","Collision with a fixed object                ","Saturday","RIGHT OFF CARRIAGEWAY INTO OBJECT/PARKED VEHICLE      ","No                             ","Day                             ","Yes                             ","Not at intersection                     ","Serious injury accident                   ","60 km/hr                          ","Yes",230488,+1.44827140000000E+002,-3.77866300000000E+001,"Non-Intersection","BRIMBANK","METROPOLITAN NORTH WEST REGION",+00002484774.20300000,+00002412692.33500000,1,1,0,1,0,0,1,0,0,0,1,0,0,0,0,0,0,0,0,1,"No",0,1,0,1,0,0,"Metropolitan Excluding CBD","Metropolitan Excluding CBD","BRIMBANK","METROPOLITAN NORTH WEST REGION",,,"Arterial Other","Arterial Other","Undivided","Undivided","Metro                                   "
"T20100000170","ABS to receive accident                   ","Finished","2/1/2010","14.10.00","Yes","Collision with vehicle                   ","Saturday","RIGHT THROUGH                        ","No                             ","Day                             ","Yes                             ","Cross intersection                     ","Serious injury accident                   ","60 km/hr                          ","No",131,+1.44740790000000E+002,-3.83366800000000E+001,"Intersection","MORNINGTON PENINSULA","METROPOLITAN SOUTH EAST REGION",+00002477334.45100000,+00002351619.77400000,2,1,0,1,0,1,1,1,0,0,1,0,0,1,0,0,0,0,0,0,"No",0,2,0,1,1,0,"Metropolitan Excluding CBD","Metropolitan Excluding CBD","MORNINGTON PENINSULA","METROPOLITAN SOUTH EAST REGION","B","B","Arterial Highway","Arterial Highway,Local Road","Undivided","Undivided","Metro                                   "
"T20100000187","ABS to receive accident                   ","Finished","2/1/2010","15.30.00","Yes","Collision with vehicle                   ","Saturday","LEAVING PARKING                       ","No                             ","Day                             ","Yes                             ","T intersection                      ","Other injury accident                    ","60 km/hr                          ","No",37612,+1.44984710000000E+002,-3.78381000000000E+001,"Intersection","MELBOURNE","METROPOLITAN NORTH WEST REGION",+00002498654.18100000,+00002406993.54400000,5,1,0,0,1,4,2,3,0,3,1,0,0,1,0,0,0,0,0,0,"No",0,2,0,1,1,0,"Metropolitan Excluding CBD","Metropolitan Excluding CBD","MELBOURNE","METROPOLITAN NORTH WEST REGION",,,"Arterial Other","Arterial Other,Local Road","Undivided","Undivided","Metro                                   "
"T20100000192","ABS to receive accident                   ","Finished","2/1/2010","18.30.00","Yes","Collision with vehicle                   ","Saturday","CROSS TRAFFIC(INTERSECTIONS ONLY)              ","No                             ","Day                             ","No                             ","Cross intersection                     ","Serious injury accident                   ","100 km/hr                          ","No",22495,+1.43794050000000E+002,-3.74449700000000E+001,"Intersection","BALLARAT","WESTERN REGION",+00002393300.85300000,+00002449947.22600000,4,4,0,1,3,0,2,2,0,2,2,0,0,0,0,0,0,0,0,0,"No",0,2,0,2,0,0,"Country","Country","BALLARAT","WESTERN REGION","C","C","Arterial Other","Arterial Other,Local Road","Undivided","Undivided","Country                                 "
"T20100000195","ABS to receive accident                   ","Finished","2/1/2010","15.50.00","Yes","Collision with vehicle                   ","Saturday","U TURN                           ","No                             ","Day                             ","Yes                             ","Not at intersection                     ","Other injury accident                    ","80 km/hr                          ","No",229500,+1.47599180000000E+002,-3.70851000000000E+001,"Non-Intersection","EAST GIPPSLAND","EASTERN REGION",+00002731035.52100000,+00002487403.06600000,7,1,0,0,1,6,5,2,0,5,2,0,0,0,0,0,0,0,0,0,"No",0,2,0,2,0,0,"Country","Country","EAST GIPPSLAND","EASTERN REGION,EASTERN REGION","C","C","Arterial Other","Arterial Other","Undivided","Undivided","Country                                 "
"T20100000199","ABS to receive accident                   ","Finished","2/1/2010","16.18.00","Yes","Collision with vehicle                   ","Saturday","RIGHT NEAR (INTERSECTIONS ONLY)               ","No                             ","Day                             ","Yes                             ","Multiple intersection                    ","Other injury accident                    ","70 km/hr                          ","No",46240,+1.44604290000000E+002,-3.76933200000000E+001,"Intersection","MELTON","METROPOLITAN NORTH WEST REGION",+00002465102.38700000,+00002422989.94400000,7,5,0,0,5,2,3,4,0,5,2,0,0,0,0,0,0,0,0,0,"No",0,2,0,2,0,0,"Country","Country","MELTON","METROPOLITAN NORTH WEST REGION","M","M,C","Freeway","Freeway,Arterial Other","Undivided","Undivided","Metro                                   "
"T20100000200","ABS to receive accident                   ","Finished","2/1/2010","20.15.00","Yes","No collision and no object struck              ","Saturday","OTHER ACCIDENTS-OFF STRAIGHT NOT INCLUDED IN DCAs 170-175  ","No                             ","Dusk/Dawn                          ","Yes                             ","Not at intersection                     ","Other injury accident                    ","50 km/hr                          ","No",229034,+1.45048610000000E+002,-3.76551500000000E+001,"Non-Intersection","WHITTLESEA","METROPOLITAN NORTH WEST REGION",+00002504289.46700000,+00002427296.84500000,2,1,0,0,1,1,1,1,0,0,0,0,1,1,0,0,0,0,0,0,"No",0,1,0,0,1,0,"Metropolitan Excluding CBD","Metropolitan Excluding CBD","WHITTLESEA","METROPOLITAN NORTH WEST REGION",,,"Local Road","Local Road","Undivided","Undivided","Metro                                   "
"T20100000201","ABS to receive accident                   ","Finished","2/1/2010","20.20.00","Yes","Collision with vehicle                   ","Saturday","RIGHT THROUGH                        ","No                             ","Dusk/Dawn                          ","Yes                             ","T intersection                      ","Other injury accident                    ","60 km/hr                          ","No",1070,+1.44921470000000E+002,-3.83512100000000E+001,"Intersection","MORNINGTON PENINSULA","METROPOLITAN SOUTH EAST REGION",+00002493134.42800000,+00002350034.25600000,3,3,0,0,3,0,1,2,0,1,2,0,0,0,0,0,0,0,0,2,"No",0,2,0,2,0,0,"Metropolitan Excluding CBD","Metropolitan Excluding CBD","MORNINGTON PENINSULA","METROPOLITAN SOUTH EAST REGION","B","B","Arterial Highway","Arterial Highway,Arterial Other","Undivided","Undivided","Metro                                   "
"T20100000210","ABS to receive accident                   ","Finished","2/1/2010","22.20.00","Yes","Struck animal                        ","Saturday","STRUCK ANIMAL                        ","No                             ","Dark No street lights","Yes                             ","Not at intersection                     ","Other injury accident                    ","100 km/hr                          ","No",229035,+1.41663120000000E+002,-3.82675500000000E+001,"Non-Intersection","GLENELG","SOUTH WESTERN REGION",+00002208014.09200000,+00002354207.45100000,4,1,0,0,1,3,2,2,0,3,1,0,0,0,0,0,0,0,0,0,"No",0,1,0,1,0,0,"Country","Country","GLENELG","SOUTH WESTERN REGION","A","A","Arterial Highway","Arterial Highway","Undivided","Undivided","Country                                 "
"T20100000212","ABS to receive accident                   ","Finished","2/1/2010","22.20.00","Yes","Collision with vehicle                   ","Saturday","VEHICLE STRIKES ANOTHER VEH WHILE EMERGING FROM DRIVEWAY","No                             ","Dark Street lights on","Yes                             ","T intersection                      ","Other injury accident                    ","60 km/hr                          ","No",40613,+1.45098040000000E+002,-3.78506500000000E+001,"Intersection","WHITEHORSE","METROPOLITAN SOUTH EAST REGION",+00002508627.84600000,+00002405596.11300000,2,1,0,0,1,1,2,0,0,0,2,0,0,0,0,0,0,0,0,2,"No",0,2,0,2,0,0,"Metropolitan Excluding CBD","Metropolitan Excluding CBD","WHITEHORSE","METROPOLITAN SOUTH EAST REGION",,,"Arterial Highway","Arterial Highway,Local Road","Undivided","Undivided","Metro                                   "
"T20100000218","ABS to receive accident                   ","Finished","2/1/2010","21.30.00","Yes","Collision with a fixed object                ","Saturday","OFF RIGHT BEND INTO OBJECT/PARKED VEHICLE          ","No                             ","Dark No street lights","Yes                             ","Not at intersection                     ","Fatal accident                       ","100 km/hr                          ","Yes",228689,+1.47337770000000E+002,-3.77980300000000E+001,"Non-Intersection","EAST GIPPSLAND","EASTERN REGION",+00002705861.51300000,+00002408913.55500000,1,1,1,0,0,0,0,1,0,0,1,0,0,0,0,0,0,0,0,0,"Yes",0,1,0,1,0,0,"Country","Country","EAST GIPPSLAND","EASTERN REGION,EASTERN REGION","C","C","Arterial Other","Arterial Other","Undivided","Undivided","Country                                 "
"T20100000228","ABS to receive accident                   ","Finished","3/1/2010","02.47.00","Yes","Collision with vehicle                   ","Sunday","VEHICLE COLLIDES WITH VEHICLE PARKED ON LEFT OF ROAD    ","No                             ","Dark Street lights on","Yes                             ","Not at intersection                     ","Other injury accident                    ","50 km/hr                          ","No",230598,+1.45021800000000E+002,-3.77706600000000E+001,"Non-Intersection","DAREBIN","METROPOLITAN NORTH WEST REGION",+00002501920.22900000,+00002414478.61300000,1,1,0,0,1,0,1,0,0,0,1,0,0,0,0,0,0,0,0,0,"No",1,3,0,3,0,0,"Metropolitan Excluding CBD","Metropolitan Excluding CBD","DAREBIN","METROPOLITAN NORTH WEST REGION",,,"Local Road","Local Road","Undivided","Undivided","Metro                                   "
"T20100000230","ABS to receive accident                   ","Finished","2/1/2010","15.30.00","Yes","No collision and no object struck              ","Saturday","OTHER ACCIDENTS NOT CLASSIFIABLE ELSEWHERE         ","No                             ","Day                             ","Yes                             ","Not at intersection                     ","Other injury accident                    ","50 km/hr                          ","No",230430,+1.44268120000000E+002,-3.67214300000000E+001,"Non-Intersection","BENDIGO","NORTHERN REGION",+00002434626.66600000,+00002530658.42600000,2,1,0,0,1,1,1,0,0,0,0,1,0,0,1,0,0,0,0,0,"No",0,1,0,0,0,0,"Large Provincial Cities","Large Provincial Cities","BENDIGO","NORTHERN REGION",,,"Local Road","Local Road","Undivided","Undivided","Country                                 "
"T20100000235","ABS to receive accident                   ","Finished","3/1/2010","08.30.00","Yes","Collision with vehicle                   ","Sunday","CROSS TRAFFIC(INTERSECTIONS ONLY)              ","No                             ","Day                             ","No                             ","Cross intersection                     ","Serious injury accident                   ","80 km/hr                          ","No",24437,+1.45437300000000E+002,-3.80630000000000E+001,"Intersection","CARDINIA","METROPOLITAN SOUTH EAST REGION",+00002538376.48500000,+00002381942.62300000,3,2,0,1,1,1,3,0,0,1,2,0,0,0,0,0,0,0,0,0,"No",0,2,0,2,0,0,"Small Provincial Cities","Small Towns,Country,Small Provincial Cities","CARDINIA","METROPOLITAN SOUTH EAST REGION","C","C","Arterial Other","Arterial Other","Undivided","Undivided","Metro                                   "
"T20100000247","ABS to receive accident                   ","Finished","3/1/2010","12.40.00","No","Collision with vehicle                   ","Sunday","LEFT REAR                          ","No                             ","Day                             ","Yes                             ","T intersection                      ","Other injury accident                    ","70 km/hr                          ","No",237049,+1.45186240000000E+002,-3.78364000000000E+001,"Intersection","WHITEHORSE","METROPOLITAN SOUTH EAST REGION",+00002516393.49100000,+00002407166.27400000,2,1,0,0,1,1,0,2,0,0,2,0,0,0,0,0,0,0,0,0,"No",0,2,0,2,0,0,"Metropolitan Excluding CBD","Metropolitan Excluding CBD","WHITEHORSE","METROPOLITAN SOUTH EAST REGION",,,"Arterial Other","Arterial Other,Local Road","Undivided","Undivided","Metro                                   "
"T20100000249","ABS to receive accident                   ","Finished","3/1/2010","13.15.00","No","Collision with vehicle                   ","Sunday","RIGHT NEAR (INTERSECTIONS ONLY)               ","No                             ","Day                             ","Yes                             ","T intersection                      ","Other injury accident                    ","50 km/hr                          ","No",38583,+1.45056010000000E+002,-3.76975300000000E+001,"Intersection","WHITTLESEA","METROPOLITAN NORTH WEST REGION",+00002504938.93300000,+00002422593.38100000,4,2,0,0,2,2,2,2,0,2,2,0,0,0,0,0,0,0,0,0,"No",0,2,0,2,0,0,"Metropolitan Excluding CBD","Metropolitan Excluding CBD","WHITTLESEA","METROPOLITAN NORTH WEST REGION",,,"Arterial Other","Arterial Other,Local Road","Undivided","Undivided","Metro                                   "
"T20100000256","ABS to receive accident                   ","Finished","3/1/2010","15.00.00","No","Collision with vehicle                   ","Sunday","RIGHT THROUGH                        ","No                             ","Day                             ","Yes                             ","Cross intersection                     ","Other injury accident                    ","70 km/hr                          ","No",37496,+1.45124080000000E+002,-3.77832300000000E+001,"Intersection","MANNINGHAM","METROPOLITAN SOUTH EAST REGION",+00002510929.54900000,+00002413077.05700000,3,2,0,0,2,1,1,2,0,1,2,0,0,0,0,0,0,0,0,0,"No",0,2,0,2,0,0,"Metropolitan Excluding CBD","Metropolitan Excluding CBD","MANNINGHAM","METROPOLITAN SOUTH EAST REGION",,,"Arterial Other","Arterial Other,Local Road","Undivided","Undivided","Metro                                   "
"T20100000262","ABS to receive accident                   ","Finished","1/1/2010","03.30.00","Yes","Collision with a fixed object                ","Friday","LEFT OFF CARRIAGEWAY INTO OBJECT/PARKED VEHICLE       ","Yes                             ","Dark Street lights on","Yes                             ","Not at intersection                     ","Serious injury accident                   ","70 km/hr                          ","Yes",229263,+1.44651840000000E+002,-3.78792400000000E+001,"Non-Intersection","WYNDHAM","METROPOLITAN NORTH WEST REGION",+00002469371.71000000,+00002402372.09600000,2,1,0,1,0,1,1,0,0,1,1,0,0,0,0,0,0,0,0,0,"No",0,1,0,1,0,0,"Metropolitan Excluding CBD","Metropolitan Excluding CBD","WYNDHAM","METROPOLITAN NORTH WEST REGION","C","C","Arterial Other","Arterial Other","Undivided","Undivided","Metro                                   "
"T20100000264","ABS to receive accident                   ","Finished","2/1/2010","14.20.00","Yes","Vehicle overturned (no collision)              ","Saturday","OFF CARRIAGEWAY ON LEFT BEND                ","No                             ","Day                             ","Yes                             ","Not at intersection                     ","Serious injury accident                   ","80 km/hr                          ","Yes",229037,+1.43626540000000E+002,-3.84405700000000E+001,"Non-Intersection","COLAC OTWAY","SOUTH WESTERN REGION",+00002380075.38300000,+00002339251.29600000,1,1,0,1,0,0,0,1,0,0,1,0,0,0,0,0,0,0,0,0,"No",0,1,0,1,0,0,"Country","Country","COLAC OTWAY","SOUTH WESTERN REGION",,,"Local Road","Local Road","Undivided","Undivided","Country                                 "
"T20100000266","ABS to receive accident                   ","Finished","3/1/2010","16.30.00","Yes","Struck Pedestrian                      ","Sunday","PED STRUCK WALKING TO/FROM OR BOARDING/ALIGHTING VEHICLE.  ","No                             ","Day                             ","Yes                             ","Cross intersection                     ","Other injury accident                    ","60 km/hr                          ","No",40296,+1.45030050000000E+002,-3.78516300000000E+001,"Intersection","STONNINGTON","METROPOLITAN SOUTH EAST REGION",+00002502644.64200000,+00002405492.18400000,2,1,0,0,1,1,1,1,0,0,1,1,0,0,0,0,1,0,0,0,"No",0,1,0,1,0,0,"Metropolitan Excluding CBD","Metropolitan Excluding CBD","STONNINGTON","METROPOLITAN SOUTH EAST REGION",,,"Arterial Other","Arterial Other","Undivided","Undivided","Metro                                   "
"T20100000268","ABS to receive accident                   ","Finished","3/1/2010","16.35.00","Yes","Collision with vehicle                   ","Sunday","OTHER ACCIDENTS-OFF STRAIGHT NOT INCLUDED IN DCAs 170-175  ","No                             ","Day                             ","Yes                             ","Not at intersection                     ","Serious injury accident                   ","80 km/hr                          ","No",105203,+1.44697850000000E+002,-3.75535600000000E+001,"Non-Intersection","HUME","METROPOLITAN NORTH WEST REGION",+00002473303.99600000,+00002438529.86000000,2,1,0,1,0,1,1,1,0,0,2,0,0,0,0,0,0,0,0,0,"No",0,2,0,2,0,0,"Country","Country","HUME","METROPOLITAN NORTH WEST REGION","C","C","Arterial Other","Arterial Other","Undivided","Undivided","Metro                                   "
"T20100000269","ABS to receive accident                   ","Finished","1/1/2010","02.47.00","Yes","Collision with vehicle                   ","Friday","LEFT REAR                          ","No                             ","Dark Street lights on","No                             ","T intersection                      ","Other injury accident                    ","50 km/hr                          ","No",55781,+1.43973980000000E+002,-3.85368400000000E+001,"Intersection","SURF COAST","SOUTH WESTERN REGION",+00002410526.48600000,+00002328945.68900000,3,1,0,0,1,2,1,2,0,1,2,0,0,0,0,0,0,0,0,2,"No",0,2,0,1,0,0,"Other Towns","Other Towns","SURF COAST","SOUTH WESTERN REGION","B","B","Arterial Highway","Arterial Highway,Local Road","Undivided","Undivided","Country                                 "
"T20100000274","ABS to receive accident                   ","Finished","3/1/2010","17.50.00","Yes","Collision with vehicle                   ","Sunday","RIGHT THROUGH                        ","No                             ","Day                             ","Yes                             ","Multiple intersection                    ","Serious injury accident                   ","60 km/hr                          ","No",57862,+1.46893890000000E+002,-3.61102700000000E+001,"Intersection","WODONGA","NORTH EASTERN REGION",+00002670505.76200000,+00002597025.44300000,4,1,0,1,0,3,3,1,0,2,2,0,0,0,0,0,0,0,0,2,"No",0,2,0,2,0,0,"Small Provincial Cities","Small Provincial Cities","WODONGA","NORTH EASTERN REGION","M","M,C","Freeway","Freeway,Arterial Highway","Undivided","Undivided","Country                                 "
"T20100000285","ABS to receive accident                   ","Finished","3/1/2010","19.20.00","Yes","Collision with a fixed object                ","Sunday","OFF RIGHT BEND INTO OBJECT/PARKED VEHICLE          ","No                             ","Dusk/Dawn                          ","Yes                             ","Not at intersection                     ","Other injury accident                    ","80 km/hr                          ","Yes",229292,+1.45502600000000E+002,-3.79432600000000E+001,"Non-Intersection","CARDINIA","METROPOLITAN SOUTH EAST REGION",+00002544177.54000000,+00002395205.12700000,4,1,0,0,1,3,2,2,0,3,1,0,0,0,0,0,0,0,0,0,"No",0,1,0,1,0,0,"Country","Country","CARDINIA","METROPOLITAN SOUTH EAST REGION","C","C","Arterial Other","Arterial Other","Undivided","Undivided","Metro                                   "
"T20100000288","ABS to receive accident                   ","Finished","3/1/2010","19.00.00","Yes","Collision with a fixed object                ","Sunday","RIGHT OFF CARRIAGEWAY INTO OBJECT/PARKED VEHICLE      ","No                             ","Day                             ","Yes                             ","Not at intersection                     ","Serious injury accident                   ","100 km/hr                          ","Yes",238354,+1.43407180000000E+002,-3.73314000000000E+001,"Non-Intersection","PYRENEES","WESTERN REGION",+00002358863.44500000,+00002462045.39500000,1,1,0,1,0,0,0,1,0,0,1,0,0,0,0,0,0,0,0,0,"Yes",0,1,0,1,0,0,"Country","Country","PYRENEES","WESTERN REGION",,,"Local Road","Local Road","Undivided","Undivided","Country                                 "
"T20100000293","ABS to receive accident                   ","Finished","3/1/2010","20.50.00","Yes","Collision with a fixed object                ","Sunday","LEFT OFF CARRIAGEWAY INTO OBJECT/PARKED VEHICLE       ","No                             ","Day                             ","Yes                             ","T intersection                      ","Serious injury accident                   ","50 km/hr                          ","Yes",39534,+1.45185500000000E+002,-3.78202800000000E+001,"Intersection","WHITEHORSE","METROPOLITAN SOUTH EAST REGION",+00002516332.16300000,+00002408956.20100000,1,1,0,1,0,0,1,0,0,0,1,0,0,0,0,0,0,0,0,0,"Yes",0,1,0,1,0,0,"Metropolitan Excluding CBD","Metropolitan Excluding CBD","WHITEHORSE","METROPOLITAN SOUTH EAST REGION",,,"Local Road","Local Road","Undivided","Undivided","Metro                                   "
"T20100000294","ABS to receive accident                   ","Finished","3/1/2010","19.25.00","Yes","Collision with a fixed object                ","Sunday","OFF RIGHT BEND INTO OBJECT/PARKED VEHICLE          ","No                             ","Day                             ","Yes                             ","Not at intersection                     ","Other injury accident                    ","80 km/hr                          ","Yes",230891,+1.45565970000000E+002,-3.76480600000000E+001,"Non-Intersection","YARRA RANGES","METROPOLITAN SOUTH EAST REGION",+00002549942.64500000,+00002427936.94000000,1,1,0,0,1,0,1,0,0,0,0,0,0,1,0,0,0,0,0,0,"No",0,1,0,0,1,0,"Country","Country","YARRA RANGES","METROPOLITAN SOUTH EAST REGION","B","B","Arterial Highway","Arterial Highway","Undivided","Undivided","Metro                                   "
"T20100000310","ABS to receive accident                   ","Finished","4/1/2010","00.40.00","Yes","Collision with a fixed object                ","Monday","LEFT OFF CARRIAGEWAY INTO OBJECT/PARKED VEHICLE       ","No                             ","Dark No street lights","Yes                             ","Not at intersection                     ","Serious injury accident                   ","60 km/hr                          ","Yes",232352,+1.44721130000000E+002,-3.78078900000000E+001,"Non-Intersection","MELTON","METROPOLITAN NORTH WEST REGION",+00002475443.61200000,+00002410310.74900000,3,3,0,2,1,0,3,0,0,2,1,0,0,0,0,0,0,0,0,1,"No",0,1,0,1,0,0,"Country","Country","WYNDHAM,MELTON","METROPOLITAN NORTH WEST REGION",,,"Local Road","Local Road","Undivided","Undivided","Metro                                   "
"T20100000317","ABS to receive accident                   ","Finished","4/1/2010","05.10.00","Yes","Collision with vehicle                   ","Monday","OTHER ON PATH                        ","No                             ","Dark Street lights on","Yes                             ","Not at intersection                     ","Serious injury accident                   ","50 km/hr                          ","No",230033,+1.44987390000000E+002,-3.78782100000000E+001,"Non-Intersection","PORT PHILLIP","METROPOLITAN NORTH WEST REGION",+00002498890.69500000,+00002402541.66900000,1,1,0,1,0,0,1,0,0,0,1,0,0,0,0,0,0,0,0,0,"No",0,4,0,4,0,0,"Metropolitan Excluding CBD","Metropolitan Excluding CBD","PORT PHILLIP","METROPOLITAN NORTH WEST REGION",,,"Local Road","Local Road","Undivided","Undivided","Metro                                   "
"T20100000318","ABS to receive accident                   ","Finished","4/1/2010","06.40.00","No","Collision with a fixed object                ","Monday","LEFT OFF CARRIAGEWAY INTO OBJECT/PARKED VEHICLE       ","No                             ","Day                             ","Yes                             ","Not at intersection                     ","Other injury accident                    ","80 km/hr                          ","Yes",235199,+1.45097520000000E+002,-3.78848700000000E+001,"Non-Intersection","MONASH","METROPOLITAN SOUTH EAST REGION",+00002508578.19800000,+00002401798.07500000,1,1,0,0,1,0,1,0,0,0,1,0,0,0,0,0,0,0,0,0,"No",0,1,0,1,0,0,"Metropolitan Excluding CBD","Metropolitan Excluding CBD","MONASH","METROPOLITAN SOUTH EAST REGION","M","M","Freeway","Freeway","Undivided","Undivided","Metro                                   "
"T20100000319","ABS to receive accident                   ","Finished","4/1/2010","07.05.00","No","Collision with vehicle                   ","Monday","CROSS TRAFFIC(INTERSECTIONS ONLY)              ","No                             ","Day                             ","Yes                             ","Cross intersection                     ","Other injury accident                    ","50 km/hr                          ","No",38043,+1.45017770000000E+002,-3.77742600000000E+001,"Intersection","DAREBIN","METROPOLITAN NORTH WEST REGION",+00002501565.24600000,+00002414079.55100000,2,1,0,0,1,1,2,0,1,0,1,0,0,0,0,0,0,0,0,0,"No",0,2,0,1,0,0,"Metropolitan Excluding CBD","Metropolitan Excluding CBD","DAREBIN","METROPOLITAN NORTH WEST REGION",,,"Local Road","Local Road","Undivided","Undivided","Metro                                   "
"T20100000329","ABS to receive accident                   ","Finished","4/1/2010","09.55.00","No","Collision with vehicle                   ","Monday","VEHICLE STRIKES ANOTHER VEH WHILE EMERGING FROM DRIVEWAY","No                             ","Day                             ","Yes                             ","T intersection                      ","Other injury accident                    ","60 km/hr                          ","No",45501,+1.44937140000000E+002,-3.77841100000000E+001,"Intersection","MOONEE VALLEY","METROPOLITAN NORTH WEST REGION",+00002494462.95700000,+00002412984.42600000,2,1,0,0,1,1,1,1,0,0,1,0,0,1,0,0,0,0,0,0,"No",0,2,0,1,1,0,"Metropolitan Excluding CBD","Metropolitan Excluding CBD","MOONEE VALLEY","METROPOLITAN NORTH WEST REGION",,,"Arterial Other","Arterial Other,Local Road","Undivided","Undivided","Metro                                   "
"T20100000330","ABS to receive accident                   ","Finished","4/1/2010","09.50.00","No","Struck Pedestrian                      ","Monday","PED NEAR SIDE. PED HIT BY VEHICLE FROM THE RIGHT.      ","No                             ","Day                             ","Yes                             ","Not at intersection                     ","Serious injury accident                   ","50 km/hr                          ","No",229383,+1.44975220000000E+002,-3.78111100000000E+001,"Non-Intersection","MELBOURNE","METROPOLITAN NORTH WEST REGION",+00002497818.35100000,+00002409988.75800000,2,1,0,1,0,1,1,1,1,0,0,1,0,0,0,0,0,1,0,0,"No",0,1,0,0,0,0,"Metropolitan Excluding CBD","Metropolitan Excluding CBD","MELBOURNE","METROPOLITAN NORTH WEST REGION",,,"Local Road","Local Road","Undivided","Undivided","Metro                                   "
"T20100000335","ABS to receive accident                   ","Finished","4/1/2010","11.45.00","No","Vehicle overturned (no collision)              ","Monday","OUT OF CONTROL ON CARRIAGEWAY (ON STRAIGHT)         ","No                             ","Day                             ","No                             ","T intersection                      ","Other injury accident                    ","Not known                          ","No",229384,+1.46521190000000E+002,-3.82456600000000E+001,"Intersection","LATROBE","EASTERN REGION",+00002633168.78500000,+00002360690.66700000,1,1,0,0,1,0,1,0,0,0,0,0,0,1,0,0,0,0,0,0,"No",0,1,0,0,1,0,"Country","Country","LATROBE","EASTERN REGION,EASTERN REGION","C","C","Arterial Other","Arterial Other,Local Road","Undivided","Undivided","Country                                 "
"T20100000344","ABS to receive accident                   ","Finished","4/1/2010","11.00.00","No","Collision with vehicle                   ","Monday","VEHICLE COLLIDES WITH VEHICLE PARKED ON LEFT OF ROAD    ","No                             ","Day                             ","Yes                             ","Cross intersection                     ","Serious injury accident                   ","50 km/hr                          ","No",59334,+1.45985120000000E+002,-3.65491800000000E+001,"Intersection","BENALLA","NORTH EASTERN REGION",+00002588189.90800000,+00002549565.24500000,1,1,0,1,0,0,0,1,0,0,1,0,0,0,0,0,0,0,0,0,"No",0,2,0,2,0,0,"Other Towns","Other Towns","BENALLA","NORTH EASTERN REGION",,,"Local Road","Local Road","Undivided","Undivided","Country                                 "
"T20100000350","ABS to receive accident                   ","Finished","4/1/2010","10.40.00","No","Struck Pedestrian                      ","Monday","PED NEAR SIDE. PED HIT BY VEHICLE FROM THE RIGHT.      ","No                             ","Day                             ","Yes                             ","Not at intersection                     ","Fatal accident                       ","60 km/hr                          ","No",229050,+1.45081090000000E+002,-3.77201800000000E+001,"Non-Intersection","BANYULE","METROPOLITAN NORTH WEST REGION",+00002507148.57900000,+00002420078.03500000,2,1,1,0,0,1,2,0,0,0,1,1,0,0,0,0,0,1,0,0,"No",0,1,0,1,0,0,"Metropolitan Excluding CBD","Metropolitan Excluding CBD","BANYULE","METROPOLITAN NORTH WEST REGION",,,"Arterial Highway","Arterial Highway","Undivided","Undivided","Metro                                   "
"T20100000356","ABS to receive accident                   ","Finished","4/1/2010","12.20.00","No","Collision with vehicle                   ","Monday","RIGHT NEAR (INTERSECTIONS ONLY)               ","No                             ","Day                             ","Yes                             ","Cross intersection                     ","Other injury accident                    ","60 km/hr                          ","No",42744,+1.45057790000000E+002,-3.79656700000000E+001,"Intersection","KINGSTON","METROPOLITAN SOUTH EAST REGION",+00002505078.56600000,+00002392833.68400000,4,2,0,0,2,2,3,1,0,1,3,0,0,0,0,0,0,0,0,0,"No",0,3,0,3,0,0,"Metropolitan Excluding CBD","Metropolitan Excluding CBD","KINGSTON","METROPOLITAN SOUTH EAST REGION",,,"Arterial Highway","Arterial Highway,Local Road,Arterial Other","Undivided","Undivided","Metro                                   "
"T20100000357","ABS to receive accident                   ","Finished","4/1/2010","11.45.00","No","Collision with a fixed object                ","Monday","OFF LEFT BEND INTO OBJECT/PARKED VEHICLE          ","No                             ","Day                             ","Yes                             ","Not at intersection                     ","Serious injury accident                   ","100 km/hr                          ","Yes",231439,+1.43545120000000E+002,-3.84014700000000E+001,"Non-Intersection","COLAC OTWAY","SOUTH WESTERN REGION",+00002372900.08300000,+00002343486.89600000,1,1,0,1,0,0,0,1,0,0,1,0,0,0,0,0,0,0,0,1,"No",0,1,0,1,0,0,"Country","Country","COLAC OTWAY","SOUTH WESTERN REGION",,,"Local Road","Local Road","Undivided","Undivided","Country                                 "
"T20100000358","ABS to receive accident                   ","Finished","4/1/2010","11.30.00","No","Collision with a fixed object                ","Monday","LEFT OFF CARRIAGEWAY INTO OBJECT/PARKED VEHICLE       ","No                             ","Day                             ","Yes                             ","Cross intersection                     ","Other injury accident                    ","50 km/hr                          ","Yes",55894,+1.45310740000000E+002,-3.82244500000000E+001,"Intersection","CASEY","METROPOLITAN SOUTH EAST REGION",+00002527212.08500000,+00002364064.80800000,1,1,0,0,1,0,1,0,0,0,1,0,0,0,0,0,0,0,0,0,"No",0,1,0,1,0,0,"Small Towns","Small Towns","CASEY","METROPOLITAN SOUTH EAST REGION",,,"Local Road","Local Road","Undivided","Undivided","Metro                                   "
"T20100000359","ABS to receive accident                   ","Finished","4/1/2010","12.10.00","No","Vehicle overturned (no collision)              ","Monday","OFF CARRIAGEWAY ON RIGHT BEND                ","No                             ","Day                             ","Yes                             ","Not at intersection                     ","Other injury accident                    ","100 km/hr                          ","Yes",230892,+1.46698860000000E+002,-3.64137500000000E+001,"Non-Intersection","INDIGO","NORTH EASTERN REGION",+00002652347.81800000,+00002563689.26000000,1,1,0,0,1,0,0,1,0,0,1,0,0,0,0,0,0,0,0,1,"No",0,1,0,1,0,0,"Country","Country","WANGARATTA,INDIGO","NORTH EASTERN REGION","C","C","Arterial Other","Arterial Other","Undivided","Undivided","Country                                 "
"T20100000374","ABS to receive accident                   ","Finished","4/1/2010","14.40.00","No","Collision with vehicle                   ","Monday","RIGHT THROUGH                        ","No                             ","Day                             ","Yes                             ","Multiple intersection                    ","Other injury accident                    ","80 km/hr                          ","No",225695,+1.44991510000000E+002,-3.76481400000000E+001,"Intersection","WHITTLESEA","METROPOLITAN NORTH WEST REGION",+00002499250.40200000,+00002428076.89000000,2,1,0,0,1,1,2,0,0,0,2,0,0,0,0,0,0,0,0,0,"No",0,2,0,2,0,0,"Metropolitan Excluding CBD","Metropolitan Excluding CBD","WHITTLESEA","METROPOLITAN NORTH WEST REGION","M","M","Freeway","Freeway,Arterial Other","Undivided","Undivided","Metro                                   "
"T20100000375","ABS to receive accident                   ","Finished","2/1/2010","16.00.00","Yes","Collision with vehicle                   ","Saturday","REAR END(VEHICLES IN SAME LANE)               ","No                             ","Day                             ","No                             ","Not at intersection                     ","Other injury accident                    ","100 km/hr                          ","No",229387,+1.44868670000000E+002,-3.83979400000000E+001,"Non-Intersection","MORNINGTON PENINSULA","METROPOLITAN SOUTH EAST REGION",+00002488525.98500000,+00002344841.38600000,3,1,0,0,1,2,2,1,0,1,2,0,0,0,0,0,0,0,0,0,"No",1,2,0,2,0,0,"Country","Country","MORNINGTON PENINSULA","METROPOLITAN SOUTH EAST REGION",,,"Local Road","Local Road","Undivided","Undivided","Metro                                   "
"T20100000378","ABS to receive accident                   ","Finished","4/1/2010","10.00.00","No","Struck Pedestrian                      ","Monday","PED NEAR SIDE. PED HIT BY VEHICLE FROM THE RIGHT.      ","Yes                             ","Day                             ","No                             ","Cross intersection                     ","Other injury accident                    ","50 km/hr                          ","No",65743,+1.44961360000000E+002,-3.78103200000000E+001,"Intersection","MELBOURNE","METROPOLITAN NORTH WEST REGION",+00002496597.50400000,+00002410076.77100000,2,1,0,0,1,1,0,2,0,0,1,1,0,0,0,0,0,0,0,0,"No",0,1,0,1,0,0,"Metropolitan CBD Only","Metropolitan Excluding CBD,Metropolitan CBD Only","MELBOURNE","METROPOLITAN NORTH WEST REGION",,,"Local Road","Local Road","Undivided","Undivided","Metro                                   "
"T20100000381","ABS to receive accident                   ","Finished","3/1/2010","21.00.00","Yes","Collision with a fixed object                ","Sunday","LEFT OFF CARRIAGEWAY INTO OBJECT/PARKED VEHICLE       ","No                             ","Dusk/Dawn                          ","Yes                             ","T intersection                      ","Serious injury accident                   ","50 km/hr                          ","Yes",229388,+1.44997910000000E+002,-3.77949800000000E+001,"Intersection","YARRA","METROPOLITAN NORTH WEST REGION",+00002499816.15300000,+00002411779.46000000,2,1,0,1,0,1,2,0,0,1,1,0,0,0,0,0,0,0,0,0,"No",0,1,0,1,0,0,"Metropolitan Excluding CBD","Metropolitan Excluding CBD","YARRA","METROPOLITAN NORTH WEST REGION",,,"Local Road","Local Road","Undivided","Undivided","Metro                                   "
"T20100000386","ABS to receive accident                   ","Finished","4/1/2010","15.10.00","No","Struck Pedestrian                      ","Monday","FAR SIDE. PED HIT BY VEHICLE FROM THE LEFT         ","No                             ","Day                             ","Yes                             ","Not at intersection                     ","Serious injury accident                   ","40 km/hr                          ","No",229389,+1.44848920000000E+002,-3.76709500000000E+001,"Non-Intersection","HUME","METROPOLITAN NORTH WEST REGION",+00002486672.47600000,+00002425534.84800000,5,2,0,1,1,3,3,2,0,2,1,2,0,0,0,0,0,1,0,1,"No",0,1,0,1,0,0,"Metropolitan Excluding CBD","Metropolitan Excluding CBD","HUME","METROPOLITAN NORTH WEST REGION",,,"Local Road","Local Road","Undivided","Undivided","Metro                                   "
"T20100000391","ABS to receive accident                   ","Finished","4/1/2010","16.30.00","No","Collision with vehicle                   ","Monday","RIGHT THROUGH                        ","No                             ","Day                             ","Yes                             ","Cross intersection                     ","Serious injury accident                   ","60 km/hr                          ","No",10592,+1.45156740000000E+002,-3.79331500000000E+001,"Intersection","DANDENONG","METROPOLITAN SOUTH EAST REGION",+00002513779.09500000,+00002396433.10800000,3,3,0,2,1,0,2,1,0,1,2,0,0,0,0,0,0,0,1,1,"No",0,2,0,2,0,0,"Metropolitan Excluding CBD","Metropolitan Excluding CBD","MONASH,DANDENONG","METROPOLITAN SOUTH EAST REGION",,,"Arterial Highway","Arterial Highway,Arterial Other","Undivided","Undivided","Metro                                   "
"T20100000395","ABS to receive accident                   ","Finished","4/1/2010","14.25.00","No","Collision with vehicle                   ","Monday","LEFT NEAR (INTERSECTIONS ONLY)               ","No                             ","Day                             ","Yes                             ","T intersection                      ","Other injury accident                    ","Not known                          ","No",43475,+1.45130700000000E+002,-3.81511000000000E+001,"Intersection","FRANKSTON","METROPOLITAN SOUTH EAST REGION",+00002511456.98000000,+00002372244.61600000,2,1,0,0,1,1,0,2,0,0,2,0,0,0,0,0,0,0,1,0,"No",0,2,0,2,0,0,"Metropolitan Excluding CBD","Metropolitan Excluding CBD","FRANKSTON","METROPOLITAN SOUTH EAST REGION",,,"Arterial Other","Arterial Other","Undivided","Undivided","Metro                                   "
"T20100000396","ABS to receive accident                   ","Finished","4/1/2010","12.10.00","No","Collision with vehicle                   ","Monday","HEAD ON (NOT OVERTAKING)                  ","No                             ","Day                             ","Yes                             ","Not at intersection                     ","Fatal accident                       ","100 km/hr                          ","No",228701,+1.45441040000000E+002,-3.85271400000000E+001,"Non-Intersection","BASS COAST","EASTERN REGION",+00002538466.18800000,+00002330416.68700000,6,6,1,5,0,0,3,3,0,4,2,0,0,0,0,0,0,0,0,1,"No",0,2,0,2,0,0,"Country","Country","BASS COAST","EASTERN REGION,EASTERN REGION","B","B","Arterial Highway","Arterial Highway","Undivided","Undivided","Country                                 "
"T20100000397","ABS to receive accident                   ","Finished","4/1/2010","16.18.00","No","Collision with vehicle                   ","Monday","RIGHT REAR.                         ","No                             ","Day                             ","Yes                             ","Not at intersection                     ","Other injury accident                    ","60 km/hr                          ","No",229390,+1.44992750000000E+002,-3.77223600000000E+001,"Non-Intersection","DAREBIN","METROPOLITAN NORTH WEST REGION",+00002499360.56000000,+00002419839.76600000,2,1,0,0,1,1,1,1,0,0,1,0,0,1,0,0,0,0,0,0,"No",0,2,0,1,1,0,"Metropolitan Excluding CBD","Metropolitan Excluding CBD","DAREBIN","METROPOLITAN NORTH WEST REGION",,,"Local Road","Local Road","Undivided","Undivided","Metro                                   "
"T20100000399","ABS to receive accident                   ","Finished","4/1/2010","17.15.00","No","Struck Pedestrian                      ","Monday","PED ON FOOTHPATH STRUCK BY VEHENTERING/LEAVING DRIVEWAY.  ","No                             ","Day                             ","Yes                             ","Not at intersection                     ","Serious injury accident                   ","60 km/hr                          ","No",230897,+1.45087890000000E+002,-3.78928200000000E+001,"Non-Intersection","STONNINGTON","METROPOLITAN SOUTH EAST REGION",+00002507730.32200000,+00002400917.25700000,2,1,0,1,0,1,1,1,0,0,1,1,0,0,0,0,0,1,0,0,"No",0,1,0,1,0,0,"Metropolitan Excluding CBD","Metropolitan Excluding CBD","STONNINGTON","METROPOLITAN SOUTH EAST REGION",,,"Arterial Highway","Arterial Highway","Undivided","Undivided","Metro                                   "
"T20100000411","ABS to receive accident                   ","Finished","4/1/2010","20.00.00","Yes","Collision with vehicle                   ","Monday","VEHICLE OFF FOOTPATH STRIKES VEH ON CARRIAGEWAY","No                             ","Day                             ","Yes                             ","T intersection                      ","Other injury accident                    ","60 km/hr                          ","No",45834,+1.45079840000000E+002,-3.78783300000000E+001,"Intersection","STONNINGTON","METROPOLITAN SOUTH EAST REGION",+00002507023.61700000,+00002402525.66900000,3,1,0,0,1,2,1,2,1,1,1,0,0,0,0,0,0,0,0,0,"No",0,2,0,1,0,0,"Metropolitan Excluding CBD","Metropolitan Excluding CBD","STONNINGTON","METROPOLITAN SOUTH EAST REGION",,,"Arterial Other","Arterial Other,Local Road","Undivided","Undivided","Metro                                   "
"T20100000414","ABS to receive accident                   ","Finished","4/1/2010","15.00.00","No","Collision with vehicle                   ","Monday","VEHICLE COLLIDES WITH VEHICLE PARKED ON LEFT OF ROAD    ","No                             ","Day                             ","No                             ","Not at intersection                     ","Other injury accident                    ","70 km/hr                          ","No",229391,+1.44801720000000E+002,-3.77018600000000E+001,"Non-Intersection","BRIMBANK","METROPOLITAN NORTH WEST REGION",+00002482515.51800000,+00002422096.71700000,5,1,0,0,1,4,2,3,0,3,2,0,0,0,0,0,0,0,0,1,"No",0,2,0,2,0,0,"Metropolitan Excluding CBD","Metropolitan Excluding CBD","BRIMBANK","METROPOLITAN NORTH WEST REGION","C","C","Arterial Other","Arterial Other","Undivided","Undivided","Metro                                   "
"T20100000417","ABS to receive accident                   ","Finished","4/1/2010","19.15.00","Yes","Collision with a fixed object                ","Monday","LEFT OFF CARRIAGEWAY INTO OBJECT/PARKED VEHICLE       ","No                             ","Day                             ","Yes                             ","T intersection                      ","Serious injury accident                   ","70 km/hr                          ","Yes",14344,+1.45405130000000E+002,-3.80593700000000E+001,"Intersection","CARDINIA","METROPOLITAN SOUTH EAST REGION",+00002535555.02100000,+00002382358.82100000,1,1,0,1,0,0,1,0,0,0,1,0,0,0,0,0,0,0,0,0,"No",0,1,0,0,0,0,"Small Towns","Small Towns","CARDINIA","METROPOLITAN SOUTH EAST REGION","C","C","Arterial Other","Arterial Other,Local Road","Undivided","Undivided","Metro                                   "
"T20100000421","ABS to receive accident                   ","Finished","4/1/2010","20.00.00","Yes","No collision and no object struck              ","Monday","OTHER ACCIDENTS NOT CLASSIFIABLE ELSEWHERE         ","No                             ","Day                             ","Yes                             ","Not at intersection                     ","Other injury accident                    ","100 km/hr                          ","No",229392,+1.46284800000000E+002,-3.70575200000000E+001,"Non-Intersection","MANSFIELD","NORTH EASTERN REGION",+00002614255.52500000,+00002492846.59400000,1,1,0,0,1,0,1,0,0,0,1,0,0,0,0,0,0,0,0,1,"No",0,1,0,1,0,0,"Country","Country","MANSFIELD","NORTH EASTERN REGION",,,"Local Road","Local Road","Undivided","Undivided","Country                                 "
"T20100000425","ABS to receive accident                   ","Finished","4/1/2010","21.12.00","Yes","Collision with vehicle                   ","Monday","RIGHT THROUGH                        ","No                             ","Dark Street lights on","Yes                             ","Cross intersection                     ","Serious injury accident                   ","80 km/hr                          ","No",36796,+1.45309320000000E+002,-3.80138900000000E+001,"Intersection","CASEY","METROPOLITAN SOUTH EAST REGION",+00002527163.10900000,+00002387438.13600000,7,5,0,1,4,2,5,2,0,5,2,0,0,0,0,0,0,0,0,1,"No",0,2,0,2,0,0,"Metropolitan Excluding CBD","Metropolitan Excluding CBD","CASEY","METROPOLITAN SOUTH EAST REGION","C","C","Arterial Other","Arterial Other,Local Road","Undivided","Undivided","Metro                                   "
"T20100000426","ABS to receive accident                   ","Finished","4/1/2010","22.20.00","Yes","Collision with a fixed object                ","Monday","RIGHT OFF CARRIAGEWAY INTO OBJECT/PARKED VEHICLE      ","No                             ","Dark Street lights on","Yes                             ","T intersection                      ","Other injury accident                    ","50 km/hr                          ","Yes",229393,+1.45135230000000E+002,-3.77815000000000E+001,"Intersection","MANNINGHAM","METROPOLITAN SOUTH EAST REGION",+00002511911.92300000,+00002413267.07600000,3,1,0,0,1,2,1,2,0,2,1,0,0,0,0,0,0,0,0,0,"No",0,1,0,1,0,0,"Metropolitan Excluding CBD","Metropolitan Excluding CBD","MANNINGHAM","METROPOLITAN SOUTH EAST REGION",,,"Local Road","Local Road","Undivided","Undivided","Metro                                   "
"T20100000428","ABS to receive accident                   ","Finished","5/1/2010","03.38.00","Yes","Collision with a fixed object                ","Tuesday","LEFT OFF CARRIAGEWAY INTO OBJECT/PARKED VEHICLE       ","No                             ","Dark Street lights on","Yes                             ","Not at intersection                     ","Serious injury accident                   ","70 km/hr                          ","Yes",122836,+1.45235200000000E+002,-3.78769700000000E+001,"Non-Intersection","KNOX","METROPOLITAN SOUTH EAST REGION",+00002520692.06000000,+00002402653.98100000,1,1,0,1,0,0,0,1,0,0,1,0,0,0,0,0,0,0,0,0,"No",0,1,0,1,0,0,"Metropolitan Excluding CBD","Metropolitan Excluding CBD","KNOX","METROPOLITAN SOUTH EAST REGION",,,"Arterial Other","Arterial Other","Undivided","Undivided","Metro                                   "
"T20100000436","ABS to receive accident                   ","Finished","4/1/2010","13.20.00","No","Collision with a fixed object                ","Monday","RIGHT OFF CARRIAGEWAY INTO OBJECT/PARKED VEHICLE      ","No                             ","Day                             ","Yes                             ","Not at intersection                     ","Serious injury accident                   ","80 km/hr                          ","Yes",229394,+1.45262400000000E+002,-3.80577100000000E+001,"Non-Intersection","CASEY","METROPOLITAN SOUTH EAST REGION",+00002523029.95200000,+00002382586.85200000,1,1,0,1,0,0,1,0,0,0,1,0,0,0,0,0,0,0,0,0,"No",0,1,0,1,0,0,"Metropolitan Excluding CBD","Metropolitan Excluding CBD","CASEY","METROPOLITAN SOUTH EAST REGION","M","M","Arterial Highway","Arterial Highway","Undivided","Undivided","Metro                                   "
"T20100000438","ABS to receive accident                   ","Finished","5/1/2010","07.45.00","No","Collision with vehicle                   ","Tuesday","RIGHT THROUGH                        ","No                             ","Day                             ","Yes                             ","T intersection                      ","Serious injury accident                   ","60 km/hr                          ","No",62072,+1.45176270000000E+002,-3.77033000000000E+001,"Intersection","NILLUMBIK","METROPOLITAN NORTH WEST REGION",+00002515543.41400000,+00002421939.92300000,2,1,0,1,0,1,2,0,1,0,1,0,0,0,0,0,0,0,0,0,"No",0,2,0,1,0,0,"Metropolitan Excluding CBD","Metropolitan Excluding CBD","NILLUMBIK","METROPOLITAN NORTH WEST REGION",,,"Arterial Other","Arterial Other,Local Road","Undivided","Undivided","Metro                                   "
"T20100000439","ABS to receive accident                   ","Finished","5/1/2010","08.22.00","No","Collision with vehicle                   ","Tuesday","RIGHT THROUGH                        ","No                             ","Day                             ","Yes                             ","Cross intersection                     ","Other injury accident                    ","60 km/hr                          ","No",57391,+1.44965340000000E+002,-3.77339900000000E+001,"Intersection","MORELAND","METROPOLITAN NORTH WEST REGION",+00002496945.28400000,+00002418547.98700000,2,2,0,0,2,0,1,1,0,0,1,0,0,1,0,0,0,0,0,0,"No",0,2,0,1,1,0,"Metropolitan Excluding CBD","Metropolitan Excluding CBD","MORELAND","METROPOLITAN NORTH WEST REGION",,,"Arterial Other","Arterial Other","Undivided","Undivided","Metro                                   "
"T20100000440","ABS to receive accident                   ","Finished","5/1/2010","08.28.00","No","Collision with vehicle                   ","Tuesday","RIGHT THROUGH                        ","No                             ","Day                             ","Yes                             ","Cross intersection                     ","Other injury accident                    ","60 km/hr                          ","No",38989,+1.45043850000000E+002,-3.78288000000000E+001,"Intersection","BOROONDARA","METROPOLITAN SOUTH EAST REGION",+00002503860.14000000,+00002408025.64500000,2,1,0,0,1,1,1,1,1,0,1,0,0,0,0,0,0,0,0,1,"No",0,2,0,1,0,0,"Metropolitan Excluding CBD","Metropolitan Excluding CBD","BOROONDARA","METROPOLITAN SOUTH EAST REGION",,,"Arterial Other","Arterial Other,Local Road","Undivided","Undivided","Metro                                   "
"T20100000441","ABS to receive accident                   ","Finished","3/1/2010","08.50.00","Yes","Struck animal                        ","Sunday","STRUCK ANIMAL                        ","No                             ","Day                             ","No                             ","Not at intersection                     ","Serious injury accident                   ","Not known                          ","No",229396,+1.44896930000000E+002,-3.84362600000000E+001,"Non-Intersection","MORNINGTON PENINSULA","METROPOLITAN SOUTH EAST REGION",+00002490999.57700000,+00002340590.36100000,1,1,0,1,0,0,1,0,0,0,0,0,0,1,0,0,0,0,0,0,"No",0,1,0,0,1,0,"Country","Country","MORNINGTON PENINSULA","METROPOLITAN SOUTH EAST REGION","C","C","Arterial Other","Arterial Other","Undivided","Undivided","Metro                                   "
"T20100000446","ABS to receive accident                   ","Finished","5/1/2010","08.50.00","No","Collision with vehicle                   ","Tuesday","REAR END(VEHICLES IN SAME LANE)               ","No                             ","Day                             ","Yes                             ","Not at intersection                     ","Other injury accident                    ","70 km/hr                          ","No",230035,+1.45133640000000E+002,-3.81517000000000E+001,"Non-Intersection","FRANKSTON","METROPOLITAN SOUTH EAST REGION",+00002511714.14700000,+00002372177.00500000,5,2,0,0,2,3,1,4,0,1,4,0,0,0,0,0,0,0,0,0,"No",0,4,1,3,0,0,"Metropolitan Excluding CBD","Metropolitan Excluding CBD","FRANKSTON","METROPOLITAN SOUTH EAST REGION","C","C","Arterial Highway","Arterial Highway","Undivided","Undivided","Metro                                   "
"T20100000451","ABS to receive accident                   ","Finished","5/1/2010","07.45.00","No","Vehicle overturned (no collision)              ","Tuesday","OFF CARRIAGEWAY TO LEFT                   ","No                             ","Day                             ","Yes                             ","Not at intersection                     ","Other injury accident                    ","110 km/hr                          ","Yes",229661,+1.43806270000000E+002,-3.75079000000000E+001,"Non-Intersection","BALLARAT","WESTERN REGION",+00002394469.78300000,+00002442977.96800000,2,1,0,0,1,1,0,2,0,1,1,0,0,0,0,0,0,0,0,1,"No",0,1,0,1,0,0,"Country","Country","BALLARAT","WESTERN REGION","M","M","Freeway","Freeway","Undivided","Undivided","Country                                 "
"T20100000453","ABS to receive accident                   ","Finished","5/1/2010","10.25.00","No","Collision with vehicle                   ","Tuesday","REAR END(VEHICLES IN SAME LANE)               ","No                             ","Day                             ","Yes                             ","Not at intersection                     ","Other injury accident                    ","60 km/hr                          ","No",229397,+1.44866660000000E+002,-3.83660200000000E+001,"Non-Intersection","MORNINGTON PENINSULA","METROPOLITAN SOUTH EAST REGION",+00002488344.91300000,+00002348385.70700000,4,2,0,0,2,2,1,2,0,2,2,0,0,0,0,0,0,0,0,0,"No",0,2,0,2,0,0,"Metropolitan Excluding CBD","Metropolitan Excluding CBD","MORNINGTON PENINSULA","METROPOLITAN SOUTH EAST REGION","B","B","Arterial Highway","Arterial Highway","Undivided","Undivided","Metro                                   "
"T20100000462","ABS to receive accident                   ","Finished","5/1/2010","11.45.00","No","Collision with vehicle                   ","Tuesday","VEHICLE STRIKES ANOTHER VEH WHILE EMERGING FROM DRIVEWAY","No                             ","Day                             ","Yes                             ","Not at intersection                     ","Other injury accident                    ","60 km/hr                          ","No",229398,+1.45210420000000E+002,-3.79914700000000E+001,"Non-Intersection","DANDENONG","METROPOLITAN SOUTH EAST REGION",+00002518483.45900000,+00002389950.47800000,3,1,0,0,1,2,0,3,0,1,2,0,0,0,0,0,0,0,0,1,"No",0,2,0,2,0,0,"Metropolitan Excluding CBD","Metropolitan Excluding CBD","DANDENONG","METROPOLITAN SOUTH EAST REGION",,,"Arterial Highway","Arterial Highway","Undivided","Undivided","Metro                                   "
"T20100000463","ABS to receive accident                   ","Finished","5/1/2010","10.10.00","No","Collision with vehicle                   ","Tuesday","VEHICLE COLLIDES WITH VEHICLE PARKED ON LEFT OF ROAD    ","No                             ","Day                             ","Yes                             ","Not at intersection                     ","Serious injury accident                   ","60 km/hr                          ","No",231450,+1.45089110000000E+002,-3.80099700000000E+001,"Non-Intersection","KINGSTON","METROPOLITAN SOUTH EAST REGION",+00002507826.15000000,+00002387914.39500000,1,1,0,1,0,0,0,1,0,0,1,0,0,0,0,0,0,0,0,0,"No",0,4,0,4,0,0,"Metropolitan Excluding CBD","Metropolitan Excluding CBD","KINGSTON","METROPOLITAN SOUTH EAST REGION",,,"Arterial Highway","Arterial Highway","Undivided","Undivided","Metro                                   "
"T20100000464","ABS to receive accident                   ","Finished","5/1/2010","11.00.00","No","Vehicle overturned (no collision)              ","Tuesday","OFF CARRIAGEWAY ON RIGHT BEND                ","No                             ","Day                             ","Yes                             ","Not at intersection                     ","Other injury accident                    ","110 km/hr                          ","Yes",229399,+1.41819030000000E+002,-3.42604300000000E+001,"Non-Intersection","MILDURA","WESTERN REGION",+00002206794.94000000,+00002799131.17400000,1,1,0,0,1,0,1,0,0,0,1,0,0,0,0,0,0,0,0,1,"No",0,1,0,1,0,0,"Country","Country","MILDURA","WESTERN REGION","A","A","Arterial Highway","Arterial Highway","Undivided","Undivided","Country                                 "
"T20100000466","ABS to receive accident                   ","Finished","5/1/2010","10.35.00","No","Struck Pedestrian                      ","Tuesday","FAR SIDE. PED HIT BY VEHICLE FROM THE LEFT         ","No                             ","Day                             ","Yes                             ","T intersection                      ","Other injury accident                    ","60 km/hr                          ","No",44737,+1.45102530000000E+002,-3.77045300000000E+001,"Intersection","BANYULE","METROPOLITAN NORTH WEST REGION",+00002509040.61900000,+00002421813.48700000,2,1,0,0,1,1,2,0,0,0,1,1,0,0,0,0,0,1,0,0,"No",0,1,0,1,0,0,"Metropolitan Excluding CBD","Metropolitan Excluding CBD","BANYULE","METROPOLITAN NORTH WEST REGION",,,"Arterial Other","Arterial Other,Local Road","Undivided","Undivided","Metro                                   "
"T20100000469","ABS to receive accident                   ","Finished","4/1/2010","07.30.00","No","Vehicle overturned (no collision)              ","Monday","OUT OF CONTROL ON CARRIAGEWAY (ON STRAIGHT)         ","No                             ","Day                             ","No                             ","T intersection                      ","Other injury accident                    ","60 km/hr                          ","No",48996,+1.44752170000000E+002,-3.77528600000000E+001,"Intersection","MELTON","METROPOLITAN NORTH WEST REGION",+00002478161.46800000,+00002416425.62200000,1,1,0,0,1,0,1,0,0,0,0,0,0,1,0,0,0,0,0,0,"No",0,1,0,0,1,0,"Metropolitan Excluding CBD","Metropolitan Excluding CBD","MELTON","METROPOLITAN NORTH WEST REGION",,,"Local Road","Local Road","Undivided","Undivided","Metro                                   "
"T20100000473","ABS to receive accident                   ","Finished","5/1/2010","11.50.00","No","Vehicle overturned (no collision)              ","Tuesday","OUT OF CONTROL ON CARRIAGEWAY (ON STRAIGHT)         ","No                             ","Day                             ","Yes                             ","Cross intersection                     ","Serious injury accident                   ","80 km/hr                          ","No",55121,+1.44631310000000E+002,-3.79252900000000E+001,"Intersection","WYNDHAM","METROPOLITAN NORTH WEST REGION",+00002467585.32600000,+00002397253.38900000,2,2,0,1,1,0,2,0,0,1,1,0,0,0,0,0,0,0,0,0,"No",0,1,1,0,0,0,"Country","Country","WYNDHAM","METROPOLITAN NORTH WEST REGION","M","M,C","Freeway","Freeway,Local Road,Arterial Other","Undivided","Undivided","Metro                                   "
"T20100000474","ABS to receive accident                   ","Finished","5/1/2010","14.20.00","No","collision with some other object              ","Tuesday","STRUCK OBJECT ON CARRIAGEWAY                ","No                             ","Day                             ","No                             ","Not at intersection                     ","Other injury accident                    ","Not known                          ","No",229400,+1.44249290000000E+002,-3.68257400000000E+001,"Non-Intersection","BENDIGO","NORTHERN REGION",+00002433036.60100000,+00002519071.65300000,1,1,0,0,1,0,1,0,0,0,0,0,0,1,0,0,0,0,0,0,"No",0,1,0,0,1,0,"Large Provincial Cities","Large Provincial Cities","BENDIGO","NORTHERN REGION",,,"Local Road","Local Road","Undivided","Undivided","Country                                 "
"T20100000477","ABS to receive accident                   ","Finished","5/1/2010","12.00.00","No","Collision with a fixed object                ","Tuesday","OFF END OF ROAD/T-INTERSECTION.               ","No                             ","Day                             ","Yes                             ","T intersection                      ","Other injury accident                    ","60 km/hr                          ","No",229401,+1.46794140000000E+002,-3.79797300000000E+001,"Intersection","WELLINGTON","EASTERN REGION",+00002657616.39200000,+00002389788.85900000,2,1,0,0,1,1,1,1,0,1,1,0,0,0,0,0,0,0,0,0,"No",0,1,0,1,0,0,"Country","Country","WELLINGTON","EASTERN REGION,EASTERN REGION","C","C","Arterial Other","Arterial Other,Local Road","Undivided","Undivided","Country                                 "
"T20100000479","ABS to receive accident                   ","Finished","4/1/2010","12.15.00","No","Collision with vehicle                   ","Monday","REAR END(VEHICLES IN SAME LANE)               ","No                             ","Day                             ","Yes                             ","Not at intersection                     ","Serious injury accident                   ","60 km/hr                          ","No",229402,+1.45056660000000E+002,-3.77430200000000E+001,"Non-Intersection","BANYULE","METROPOLITAN NORTH WEST REGION",+00002504993.61400000,+00002417544.84600000,2,1,0,1,0,1,2,0,0,0,1,0,0,1,0,0,0,0,0,1,"No",0,2,0,0,1,1,"Metropolitan Excluding CBD","Metropolitan Excluding CBD","BANYULE","METROPOLITAN NORTH WEST REGION",,,"Arterial Other","Arterial Other","Undivided","Undivided","Metro                                   "
"T20100000480","ABS to receive accident                   ","Finished","5/1/2010","13.30.00","No","Collision with vehicle                   ","Tuesday","REAR END(VEHICLES IN SAME LANE)               ","Yes                             ","Day                             ","Yes                             ","Not at intersection                     ","Other injury accident                    ","80 km/hr                          ","No",229403,+1.45158500000000E+002,-3.79195900000000E+001,"Non-Intersection","MONASH","METROPOLITAN SOUTH EAST REGION",+00002513936.38500000,+00002397937.57600000,3,2,0,0,2,1,2,1,0,0,3,0,0,0,0,0,0,0,0,0,"No",1,3,0,3,0,0,"Metropolitan Excluding CBD","Metropolitan Excluding CBD","MONASH","METROPOLITAN SOUTH EAST REGION",,,"Arterial Highway","Arterial Highway","Undivided","Undivided","Metro                                   "
"T20100000482","ABS to receive accident                   ","Finished","5/1/2010","08.10.00","No","Collision with vehicle                   ","Tuesday","REAR END(VEHICLES IN SAME LANE)               ","No                             ","Day                             ","Yes                             ","T intersection                      ","Serious injury accident                   ","60 km/hr                          ","No",45885,+1.45151330000000E+002,-3.79572200000000E+001,"Intersection","DANDENONG","METROPOLITAN SOUTH EAST REGION",+00002513298.95100000,+00002393761.79300000,2,1,0,1,0,1,1,1,0,0,2,0,0,0,0,0,0,0,0,0,"No",0,2,0,2,0,0,"Metropolitan Excluding CBD","Metropolitan Excluding CBD","DANDENONG","METROPOLITAN SOUTH EAST REGION",,,"Arterial Highway","Arterial Highway,Local Road","Undivided","Undivided","Metro                                   "